t,m1_cps,m2_cps,m1_pwm_pct,m2_pwm_pct,m1_amps,m2_amps
0.002,0,0,0.681,-1.196,0.000,0.000
0.053,9,9,14.338,-20.991,0.120,0.040
0.103,54,52,12.796,-39.195,0.940,0.910
0.153,134,118,26.164,-21.323,1.150,1.200
0.203,244,203,36.894,-0.855,1.110,1.030
0.253,358,309,31.144,-18.635,1.120,0.910
0.303,457,413,25.919,-27.708,0.910,0.930
0.353,502,475,25.401,-25.523,0.930,0.910
0.403,538,506,24.180,-25.730,0.930,0.960
0.454,554,536,24.116,-24.674,0.930,0.900
0.504,556,550,25.159,-24.458,0.970,1.060
0.554,564,563,24.702,-24.210,0.930,1.240
0.604,570,569,24.342,-24.055,0.930,1.050
0.654,573,574,24.250,-23.981,0.930,1.050
0.704,576,585,24.110,14.936,0.930,1.110
0.754,578,578,24.003,-24.024,0.930,1.060
0.805,579,579,24.085,-24.012,0.930,0.990
0.855,579,578,24.042,-62.215,0.930,1.060
0.905,581,578,23.850,-24.219,0.930,1.110
0.955,580,578,24.201,-24.253,0.940,1.200
1.005,580,587,24.088,-23.338,0.930,1.030
1.055,582,593,23.869,-22.947,0.870,1.110
1.105,582,587,23.844,-23.698,0.930,1.380
1.156,583,592,40.190,-23.273,0.940,1.300
1.206,584,587,40.068,-23.713,0.960,1.110
1.256,575,575,24.741,-63.005,0.910,0.960
1.306,576,585,24.583,14.414,0.960,1.020
1.356,570,576,25.214,-62.712,0.960,1.230
1.406,572,577,24.860,-24.448,0.940,1.060
1.456,582,577,40.114,-24.418,0.940,1.020
1.506,574,577,24.561,-24.393,0.940,1.090
1.557,578,577,40.577,-24.326,0.940,0.910
1.607,571,570,24.949,-24.827,0.970,1.090
1.657,574,572,24.818,-24.592,0.960,0.930
1.707,575,575,24.628,-24.149,0.940,0.910
1.757,576,577,24.369,-63.274,0.930,1.050
1.807,577,571,24.586,-24.818,0.930,1.230
1.857,577,582,24.641,-23.688,0.940,0.990
1.908,578,581,24.537,-23.887,0.930,1.320
1.958,579,580,24.226,-24.125,0.910,1.530
2.008,579,579,8.036,-24.207,0.900,1.390
2.058,586,579,23.566,-24.247,0.930,1.200
2.108,584,587,23.835,-62.432,0.870,1.060
2.158,581,587,24.375,-62.496,0.880,0.930
2.208,579,577,24.653,-24.406,0.930,0.960
2.258,587,586,23.594,-23.450,0.930,0.910
2.309,585,591,23.762,-23.038,0.930,0.910
2.359,593,586,39.442,-23.652,0.940,0.910
2.409,581,593,8.106,-62.169,0.910,1.180
2.459,588,589,23.560,-62.517,0.940,1.080
2.509,583,578,24.247,14.643,0.940,1.080
2.559,582,586,24.158,-23.438,0.930,0.900
2.609,581,585,24.201,-23.551,0.930,0.910
2.660,580,592,24.464,-23.029,0.930,0.960
2.710,579,579,24.357,-24.235,0.930,0.940
2.760,579,571,24.406,-25.199,0.930,0.970
2.810,579,573,24.171,-24.754,0.930,1.060
2.860,581,584,23.865,-23.545,0.930,1.030
2.910,581,592,24.104,15.027,0.910,1.140
2.960,579,588,24.485,-23.435,0.930,1.060
3.011,586,585,23.569,-23.792,0.930,1.110
3.061,585,576,40.071,-24.497,0.960,1.060
3.111,584,578,23.719,-24.085,0.930,0.910
3.161,583,579,23.862,-24.039,0.930,0.910
3.211,583,588,23.969,-23.264,0.940,1.060
3.261,582,586,24.256,-23.508,0.850,0.910
3.311,588,584,23.426,-23.569,0.930,0.910
3.362,593,583,23.002,-23.914,0.880,1.260
3.412,589,583,23.484,-23.890,0.930,1.240
3.462,586,576,23.798,-24.436,0.930,1.600
3.512,592,585,23.188,-23.466,0.850,1.390
3.562,596,591,39.360,-23.008,0.940,0.970
3.612,591,596,39.839,15.381,0.960,1.170
3.662,588,584,23.576,-23.847,0.930,0.910
3.713,584,583,24.320,-23.847,0.930,0.910
3.763,589,582,23.652,-24.003,0.930,1.300
3.813,584,583,24.290,-23.594,0.930,1.110
3.863,590,590,39.747,-62.157,0.940,1.030
3.913,588,580,23.579,14.933,0.930,0.940
3.963,585,580,23.801,-23.829,0.930,0.900
